Tên sản phẩm	Đơn vị cung cấp	Lĩnh vực	Danh mục sản phẩm	Trạng thái	Giá sản phẩm	Giá cũ	Mô tả ngắn	Sản phẩm nôi bật	Thông số kĩ thuật	Mô tả chi tiết	Hình ảnh sản phẩm									
Ghế tựa	TTF		Nội thất					1	{"Chất liệu: "Gỗ cao su", "Quy cách (mm)": "600 x 560 x 745", "Màu sắc": "Nâu đen" }		https://admin.truongthanh.com/Upload/Product/2020-04-14T03-55-48zserfjoq_2-.jpg	https://admin.truongthanh.com/Upload/Product/2020-04-14T03-56-12zserfjoq-.jpg	https://admin.truongthanh.com/Upload/Product/2020-04-14T03-56-15zserfjoq_3-.jpg							
TTF tủ kệ	TTF		Nội thất						"Quy cách (mm): 1370 x 430 x 865
Nguyên liệu: gỗ Cao su"		https://admin.truongthanh.com/Upload/Product/2020-04-10T08-37-47530004002_cvfzr4079-ctvi-ca111azdn-2b-.jpg	https://admin.truongthanh.com/Upload/Product/2020-04-13T01-03-18530004002_cvfzr4079-ctvi-ca111azdn-5-.jpg	https://admin.truongthanh.com/Upload/Product/2020-04-11T00-54-33530004002_cvfzr4079-ctvi-ca111azdn-2-.jpg							
TTF ghế	TTF		Nội thất						"Quy cách (mm): 600 x 560 x 745
Nguyên liệu: gỗ Cao su"		https://admin.truongthanh.com/Upload/Product/2020-04-14T05-45-27y1clwrbk_2-.jpg	https://admin.truongthanh.com/Upload/Product/2020-04-14T05-45-24y1clwrbk-.jpg	https://admin.truongthanh.com/Upload/Product/2020-04-14T05-45-31y1clwrbk_3-.jpg							
TTF tủ kệ	TTF		Nội thất								https://admin.truongthanh.com/Upload/Product/2020-04-11T00-56-19530004233_ctvi-ca047azbn-3a-.jpg	https://admin.truongthanh.com/Upload/Product/2020-04-11T00-56-32530004233_ctvi-ca047azbn-3c-.jpg	https://admin.truongthanh.com/Upload/Product/2020-04-11T00-56-26530004233_ctvi-ca047azbn-3b-.jpg							
Bàn Sofa Canyon	TTF		Nội thất						"Quy cách (mm): 1200 x 700 x 465
Nguyên liệu: gỗ Acacia
"		https://admin.truongthanh.com/Upload/Product/2020-04-21T22-54-39canyon-2-.jpg									
Ghế 3 chỗ Canyon	TTF		Nội thất						"Quy cách (mm): 1920 x 925 x 715
Nguyên liệu: gỗ Acacia + nệm"		https://admin.truongthanh.com/Upload/Product/2020-04-21T22-54-39canyon-2-.jpg									
Ghế đơn Canyon	TTF		Nội thất						"Quy cách (mm): 720 x 925 x 715
Nguyên liệu: gỗ Acacia + nệm"		https://admin.truongthanh.com/Upload/Product/2020-04-21T22-54-39canyon-2-.jpg									
SOFA DA THẬT PLUMNOLL FM48	KENLI		Nội thất				Được kiến tạo trên hệ khung modul linh hoạt, mỗi chiếc đệm bồng bềnh tựa như một ngọn đô dịu êm. Khi chúng tựa vào nhau và xếp chồng lớp lên nhau, những đường cong mềm mại hiện ra như những nét họa của thiên nhiên, dệt nên một miền mộng mơ bất tận				https://noithatkenli.vn/wp-content/uploads/2026/06/sofa-plumnoll-fm48.jpg	https://noithatkenli.vn/wp-content/uploads/2026/06/sofa-plumnoll-fm48-5.jpg	https://noithatkenli.vn/wp-content/uploads/2026/06/sofa-plumnoll-fm48-2.jpg							
BÀN TRÀ COPER	KENLI		Nội thất				Chất liệu đá nhân tạo gốc thạch anh châu Âu tạo lên nét phóng khoáng, tinh tế tôn lên vị thế của gia chủ. Lớp gỗ Veneer óc chó cao cấp bao phủ bên ngoài như một "hàng rào bảo vệ" với khả năng chịu độ ẩm cao, ổn định và bền bỉ trước các tác động của ngoại cảnh. Tổng thể của COPER mang đến sự sang trọng ngay tại trung tâm phòng khách hiện đại.				https://noithatkenli.vn/wp-content/uploads/2024/06/ban-tra-ce2-1014v5-cover.jpg	https://noithatkenli.vn/wp-content/uploads/2024/06/ban-tra-ce2-1014v5-2-1.jpg								
GIƯỜNG BỌC DA ATLANTIC 31TI	KENLI		Nội thất				Lấy cảm hứng từ Đại Tây Dương rộng lớn - nơi lục địa Atlantis đại diện cho nền văn minh thất lạc thời tiền sử, giường Atlantic giữ cho mỗi gia chủ một "kho báu riêng" trong ngăn chứa bí ẩn.				https://noithatkenli.vn/wp-content/uploads/2022/09/cama_de_cuero_optimized.jpg	https://noithatkenli.vn/wp-content/uploads/2022/09/2.jpg	https://noithatkenli.vn/wp-content/uploads/2022/09/3-1.jpg							
BÀN ĂN CEDAR	KENLI		Nội thất				Các đường nét uyển chuyển, mảnh mai của khung chân bàn ôm chặt mặt đá thạch anh cao cấp, tạo nên biểu tượng về sự kết nối trong không gian.				https://noithatkenli.vn/wp-content/uploads/2024/07/ban-an-cedar-cover.jpg	https://noithatkenli.vn/wp-content/uploads/2024/10/ban-an-cedar-4.jpg	https://noithatkenli.vn/wp-content/uploads/2024/10/ban-an-cedar-5.jpg							
GHẾ THƯ GIÃN FLAMINGO P005	KENLI		Nội thất				Flamingo tái hiện tư thế độc nhất của chim hồng hạc khi tận hưởng khoảnh khắc bình lặng giữa thiên nhiên. Với thiết kế khoẻ khoắn, Flamingo trở thành một điểm tựa tin cậy, mang lại cho gia chủ sự bình yên trong mỗi phút giây của cuộc sống.				https://noithatkenli.vn/wp-content/uploads/2022/05/ghe-thu-gian-flamingo-p005_optimized-1.jpg	https://noithatkenli.vn/wp-content/uploads/2022/05/ghe-thu-gian-flamingo-1.jpg	https://noithatkenli.vn/wp-content/uploads/2022/05/ghe-thu-gian-flamingo-3.jpg							
Bộ Sofa Da Băng Hiện Đại BELLUNO SB01	Nội Thất Gia Khánh		Nội thất								https://noithatgiakhanh.com/wp-content/uploads/2026/06/Bo-Sofa-Da-Bang-Hien-Dai-Belluno-SB01-12.jpg	https://noithatgiakhanh.com/wp-content/uploads/2026/06/Bo-Sofa-Da-Bang-Hien-Dai-Belluno-SB01-3.jpg	https://noithatgiakhanh.com/wp-content/uploads/2026/06/Bo-Sofa-Da-Bang-Hien-Dai-Belluno-SB01-1.jpg							
Bộ Bàn Ăn 1m4 Mặt Đá PL2316-14	Nội Thất Gia Khánh		Nội thất				Bộ Bàn Ăn 1m4 Mặt Đá PL2316 – 14  là một trong những sản phẩm bàn mặt đá nhận được nhiều quan tâm của khách hàng. Với tính chất nổi bật, dễ vệ sinh, sang trọng, không chỉ giúp tiết kiệm thời gian lau chùi, mà còn tạo không gian quây quần cho gia đình, hoặc làm không gian tiếp khách, bàn ăn mặt đá đang dần thay thế những bàn ăn mặt gỗ truyền thống.		"Kích thước	
Bàn ăn : L1400*W800*H750MM.

Chất liệu	
Bàn ăn Khung gỗ Sồi , Mặt đá phiến sáng, Ghế gỗ Sồi

Phong cách	
Hiện đại

Xuất xứ	
Nhập khẩu

Bảo hành	
2 năm"		https://noithatgiakhanh.com/wp-content/uploads/2018/09/PL2316-14-1000x750.jpg									
Giường Tủ Hiện Đại BG2571-2	Nội Thất Gia Khánh		Nội thất				"Hiện tại  Bộ Giường Tủ Hiện Đại BG2571-2 đang là sản phẩm giường ngủ hiện đại bán chạy tại Nội Thất Gia Khánh.

Đối với không gian phòng ngủ thì nội thất quan trọng và được quan tâm nhiều nhất chính là chiếc giường ngủ. Giờ đây chiếc giường ngủ không đơn giản là nơi để con người nghỉ ngơi mà còn góp phần làm nên vẻ đẹp cho không gian sống riêng tư này. Nếu bạn đang sở hữu phòng ngủ kiển trúc hiện đại thì chiếc giường ngủ đồng hành phù hợp nhất chính là Bộ Giường Tủ Hiện Đại BG2571-2"		"Kích thước	
Giường 1m8*2m đuôi có hộc pitong : L2150*W1960*H1105
Tủ áo 6 cánh : L2400*W585*H2400
Bàn trang điểm : L860*W400*H1510
Tủ đầu giường : L470*W400*H490

Chất liệu	
Gỗ MFC bảng mật độ cao

Phong cách	
Hiện đại

Xuất xứ	
Nhập khẩu

Bảo hành	
2 năm"		https://noithatgiakhanh.com/wp-content/uploads/2021/08/BG2571-2-1000x750.jpg									
Sofa Băng Chỉnh Điện Nhập Khẩu CALISTA SF2887	Nội Thất Gia Khánh		Nội thất				Sofa Băng Chỉnh Điện Nhập Khẩu CALISTA SF2887 với thiết kế đẹp và sang trọng, kiểu dáng đa dạng, ghế sofa chỉnh điện đã trở thành một lựa chọn phổ biến cho những căn phòng khách hiện đại.		"Kích thước	
L3150 *W1050*H950MM

Chất liệu	
Bọc da bò tự nhiên toàn bộ bề mặt tiếp xúc , phần không tiếp xúc bọc da nhân tạo cao cấp + khung gỗ Sồi tự nhiên nhập khẩu + khung thép carbon cao +mút đàn hồi mật độ cao!

Phong cách	
Hiện đại

Xuất xứ	
Nhập khẩu

Bảo hành	
2 năm"		https://noithatgiakhanh.com/wp-content/uploads/2026/04/Sofa-Bang-Chinh-Dien-Nhap-Khau-CALISTA-SF2887-1.jpg	https://noithatgiakhanh.com/wp-content/uploads/2026/04/Sofa-Bang-Chinh-Dien-Nhap-Khau-CALISTA-SF2887-11.jpg	https://noithatgiakhanh.com/wp-content/uploads/2026/04/Sofa-Bang-Chinh-Dien-Nhap-Khau-CALISTA-SF2887-3.jpg							
Bộ Sofa MATERA Hiện Đại Đơn Giản E001-113 Da Nano1-27	Nội Thất Gia Khánh		Nội thất						"Kích thước	
Băng 1 : L1100*W850*H800MM, Băng 3 : L2350*W850*H800MM

Chất liệu	
Khung gỗ keo tự nhiên, kết hợp gỗ MFC , Bọc da Nano nhân tạo cao cấp có độ đàn hồi tốt,cảm giác mềm mại,chống thấm nước và bụi,tránh sự xâm nhập của vi khuẩn và nấm đảm bảo sạch sẽ cho đồ nội thất

Phong cách	
Hiện đại

Xuất xứ	
Gia Khánh sản xuất – đặt được kích thước và màu da theo yêu cầu.

Bảo hành	
2 năm"		https://noithatgiakhanh.com/wp-content/uploads/2022/08/Bo-Sofa-Matera-Hien-Dai-Don-Gian-E001-1.jpg	https://noithatgiakhanh.com/wp-content/uploads/2022/08/Bo-Sofa-Matera-Hien-Dai-Don-Gian-E001-3.jpg	https://noithatgiakhanh.com/wp-content/uploads/2022/08/Bo-Sofa-Matera-Hien-Dai-Don-Gian-E001-4.jpg							
Sofa Băng 2m8 Da XK SFA07-28	Nội Thất Gia Khánh		Nội thất				Sofa Băng 2m8 Da XK SFA07-28   được thiết kế theo phong cách tối giản với những đường nét chỉn chu, trẻ khỏe. Phần đệm ngồi và tựa lưng đơn giản dễ dàng làm sạch. Chân sofa được làm bằng thép không gỉ mang vẻ đẹp khỏe khoắn, trẻ trung. Tựa tay có thiết kế gọn gàng, đem đến xúc cảm dễ chịu và thoải mái khi dùng.		"Chất liệu	
Khung gỗ Sồi hập khẩu , mút mật độ cao, bọc da bò tự nhiên toàn bộ bề mặt tiếp xúc, phần không tiếp xúc bọc da PU.

Kích thước	
L2800*W960*H850MM

Phong cách	
Hiện đại

Xuất xứ	
Nhập khẩu

Bảo hành	
2 năm"		https://noithatgiakhanh.com/wp-content/uploads/2025/04/18-1000x750.jpg	https://noithatgiakhanh.com/wp-content/uploads/2025/04/20-1000x750.jpg	https://noithatgiakhanh.com/wp-content/uploads/2024/08/1-1.jpg							
 Kệ TV LINTRUP	JYSK Vietnam		Nội thất				Bên cạnh công năng làm giá đỡ TV thì kệ TV còn là góp phần tạo điểm nhấn hài hòa cho không gian. Kệ TV LINTRUP ấn tượng với thiết kế tối giản, hiện đại đặc trưng theo phong cách Bắc Âu (Scandinavian Living). 		"Kích thước	R180xS40xC50cm"		https://jysk.vn/media/catalog/product/cache/d95cc4c902c5b3900111a1da906a2990/3/6/3670204-ke-tv-lintrup-mau-soi-jysk-1.webp	https://jysk.vn/media/catalog/product/cache/d95cc4c902c5b3900111a1da906a2990/3/6/3670204-ke-tv-lintrup-mau-soi-jysk-2.webp	https://jysk.vn/media/catalog/product/cache/d95cc4c902c5b3900111a1da906a2990/3/6/3670204-ke-tv-lintrup-mau-soi-jysk-21.webp							
EGEDAL	JYSK Vietnam		Nội thất				Sofa EGEDAL là sản phẩm nội thất tối giản, đầy đủ công năng, tiện ích sử dụng mang phong cách Bắc Âu, phù hợp với không gian vừa và nhỏ.		"Chất liệu chính	Gỗ công nghiệp, Mút, Vải polyester
Chiều rộng	170
Chiều cao	78
Chiều sâu	81
Kích thước	Sofa 2.5 chỗ"		https://jysk.vn/media/catalog/product/cache/d95cc4c902c5b3900111a1da906a2990/3/6/3670069-sofa-2.5-cho-egedal-be-jysk.jpg	https://jysk.vn/media/catalog/product/cache/d95cc4c902c5b3900111a1da906a2990/3/6/3670069-sofa-2.5-cho-egedal-be-jysk-3.jpg	https://jysk.vn/media/catalog/product/cache/d95cc4c902c5b3900111a1da906a2990/3/6/3670069-sofa-2.5-cho-egedal-be-jysk-1.jpg							
LYBY	JYSK Vietnam		Nội thất				Trong thiết kế phòng khách hiện đại, sofa module mang lại sự linh hoạt tối đa trong bố trí và sử dụng. Với kiểu dáng tinh gọn, gam màu vàng cát ấm áp cùng chất liệu bền đẹp, Module giữa LYBY là lựa chọn lý tưởng để kết hợp cùng các module khác, tạo nên bộ sofa đa năng, tiện nghi và thẩm mỹ.		"Màu sắc	Vàng cát
Chất liệu chính	Vải polyester
Chiều rộng	98
Chiều cao	81
Chiều sâu	98
Kích thước	Module giữa"		https://jysk.vn/media/catalog/product/cache/d95cc4c902c5b3900111a1da906a2990/3/6/3630142-module-giua-lyby-vai-polyester-vang-cat-jysk-1.webp	https://jysk.vn/media/catalog/product/cache/d95cc4c902c5b3900111a1da906a2990/3/6/3630142-module-giua-lyby-vai-polyester-vang-cat-jysk.webp	https://jysk.vn/media/catalog/product/cache/d95cc4c902c5b3900111a1da906a2990/3/6/3630142-module-giua-lyby-vai-polyester-vang-cat-jysk-2.webp							
ALLESE	JYSK Vietnam		Nội thất				" Được thiết kế theo phong cách Bắc Âu - Scandinavian Living, sofa góc phải ALLESE  là sản phẩm nội thất vừa đảm bảo công năng tối ưu hóa diện tích không gian vừa và nhỏ, vừa nổi bật về giá trị thẩm mỹ và tiện ích sử dụng.




"		"Màu sắc	Be
Chất liệu chính	Mút, Nhựa ABS, Vải polyester
Chiều rộng	246
Chiều cao	68
Chiều sâu	131
Kích thước	Sofa góc phải"		https://jysk.vn/media/catalog/product/cache/d95cc4c902c5b3900111a1da906a2990/3/6/3670065-sofa-goc-phai-allese-be-jysk-3.jpg	https://jysk.vn/media/catalog/product/cache/d95cc4c902c5b3900111a1da906a2990/3/6/3670065-sofa-goc-phai-allese-be-jysk.jpg	https://jysk.vn/media/catalog/product/cache/d95cc4c902c5b3900111a1da906a2990/3/6/3670065-sofa-goc-phai-allese-be-jysk-1.jpg							
AUNING	JYSK Vietnam		Nội thất				"Ghế đôn có hộc AUNING – Giải pháp lưu trữ tiện ích cho không gian

Bạn đang tìm kiếm một chiếc ghế đôn đa năng, nhỏ gọn nhưng lại cực kỳ tiện lợi để trang trí và lưu trữ trong không gian sống của mình? Ghế đôn có hộc AUNING của JYSK chính là giải pháp hoàn hảo dành cho bạn. "		"Chất liệu chính	Gỗ công nghiệp, Vải polyester
Chiều rộng	76
Chiều cao	38
Chiều sâu	38
Kích thước	R76xS38xC38cm"		https://jysk.vn/media/catalog/product/cache/d95cc4c902c5b3900111a1da906a2990/3/6/3650076-ghe-don-co-hoc-auning-vang-cat-dam-jysk-1.jpg	https://jysk.vn/media/catalog/product/cache/d95cc4c902c5b3900111a1da906a2990/3/6/3650076-ghe-don-co-hoc-auning-vang-cat-dam-jysk-2.jpg	https://jysk.vn/media/catalog/product/cache/d95cc4c902c5b3900111a1da906a2990/3/6/3650076-ghe-don-co-hoc-auning-vang-cat-dam-jysk-5.jpg							
Nệm lò xo Spring Air Back Supporter Firm hỗ trợ nâng đỡ dày 25cm	Vua Nệm		Nệm				Ra đời năm 1926 tại Chicago, Spring Air là một trong những thương hiệu nệm lâu đời và có tầm ảnh hưởng sâu rộng nhất của Hoa Kỳ. Người sáng lập Francis Karr – nhà cải cách tiên phong trong ngành nệm – đã tạo nên một cuộc cách mạng khi giới thiệu hệ thống lò xo hoạt động độc lập theo trọng lượng cơ thể, một đột phá trở thành nền tảng cho nhiều công nghệ nệm hiện đại sau này.				https://cdn-cf-ops.vuanem.com/388x388,webp,q80/https://vuanem.com/storage/products/1637/epnJ61SMIoOuuFWlrQTcoZOkLr5GisIJ8IWGekvZ.jpg	https://cdn-cf-ops.vuanem.com/734x734,webp,q80/https://vuanem.com/storage/products/1637/TF2KQfmwYgBnb4PfEGtEEDChu8OzGgxhYhhEzqQx.jpg	https://cdn-cf-ops.vuanem.com/734x734,webp,q80/https://vuanem.com/storage/products/1637/8OwJRERdvvxXOWGsoOCYYr1qWjbt5VvmAKWhTOqK.jpg									
Nệm cao su bông ép đa tầng Kim Cương Titanium gấp 3 dày 5/9cm	Vua Nệm		Nệm				Nệm Kim Cương Titanium là dòng sản phẩm đa tầng có khả năng cải thiện tình trạng đau lưng nhờ kết cấu giữa lớp cao su thiên nhiên mang đến cảm giác êm ái, nâng đỡ, gia tăng khả năng bảo vệ cột sống tối ưu cùng với lớp bông ép với độ cứng vừa phải giúp người nằm luôn giữ được lưng thẳng tự nhiên, một trong những ưu điểm của dòng nệm bông ép		cao su thiên nhiên		https://cdn-cf-ops.vuanem.com/734x734,webp,q80/https://vuanem.com/storage/products/1027/O4ayiOk9ZlJ6ovTZEGessAE8yk0NoDjiy0QZfKzb.jpg	https://cdn-cf-ops.vuanem.com/388x388,webp,q80/https://vuanem.com/storage/products/1027/t3jqp1LdI0xdO9RGCergQH0Ab9I0abNFitW3iOdm.jpg	https://cdn-cf-ops.vuanem.com/388x388,webp,q80/https://vuanem.com/storage/products/1027/BETVFGXKk09PIdGas8iu1i5gdNMbUXn2SAgITbVF.jpg							
Nệm lò xo túi độc lập thế hệ mới Amando Goodnight Magic nâng đỡ êm ái 20cm	Vua Nệm		Nệm				Nệm lò xo túi độc lập thế hệ mới Amando Goodnight Magic		Nệm lò xo túi độc lập		https://cdn-cf-ops.vuanem.com/388x388,webp,q80/https://vuanem.com/storage/products/2056/oGjPnvvr1Sc2OVl91ImfwlUdjqcLQX2BBgRjeEZh.png	https://cdn-cf-ops.vuanem.com/734x734,webp,q80/https://vuanem.com/storage/products/2056/Z7tZRhMDobBWN36tzrPHX07XsR0rCUbFGqVS4qhs.jpg	https://cdn-cf-ops.vuanem.com/388x388,webp,q80/https://vuanem.com/storage/products/2056/pyPKOTDsebrFMVx4bty5iKdUz4PZjSgSyqFc1Wdy.jpg						
Nệm foam Nhật Bản Aeroflow Wave massage toàn diện dày 20cm	Vua Nệm		Nệm				Là nghiên cứu độc quyền dành cho người có vấn đề xương khớp, nệm Aeroflow Standard sở hữu chất liệu foam đặc biệt Mixel Cube tạo độ êm ái như khi sử dụng nệm cao su. Sản phẩm có độ cứng trung bình, tạo bề mặt vững chãi để nâng đỡ cơ thể mà không bị võng, lún. Nệm sở hữu 2 lớp áo chất liệu Polyester có khả năng hạn chế ẩm mốc, bảo vệ sức khỏe chủ động cho người nằm.		chất liệu foam Mixel Cube		https://cdn-cf-ops.vuanem.com/388x388,webp,q80/https://vuanem.com/storage/products/1023/KienFt1bsbThxJT4QLYBiUhU7lVnUbQ824QYOlHA.jpg	https://cdn-cf-ops.vuanem.com/388x388,webp,q80/https://vuanem.com/storage/products/1023/TIBxUqZkvXV9GDYQIVAqTJ2pZc7gO7X3xHHmKSds.jpg	https://cdn-cf-ops.vuanem.com/388x388,webp,q80/https://vuanem.com/storage/products/1023/H3HATBLx57E6p7R5MLyUPHaenrrSXM88lYijcV6d.jpg						
Nệm foam Bedgear S3 Sport phục hồi năng lượng	Vua Nệm		Nệm				Bedgear S3 Sport thừa hưởng những công nghệ nâng đỡ và làm mát hàng đầu hiện nay. Sau những áp lực từ công việc, cuộc sống, hãy tái tạo năng lượng, phục hồi sức khoẻ với nệm foam Bedgear S3 Sport 25				https://cdn-cf-ops.vuanem.com/388x388,webp,q80/https://vuanem.com/storage/products/1763/J5UsORtZsWeSFkonfFdMCks6AMj3OSn3C3wU0v6A.jpg	https://cdn-cf-ops.vuanem.com/388x388,webp,q80/https://vuanem.com/storage/products/1763/6vkg80Xwm8AS0YT20dJAJlxZCDN3TbOfQLr6mV1B.jpg	https://cdn-cf-ops.vuanem.com/388x388,webp,q80/https://vuanem.com/storage/products/1763/TTsA9E2ugTwfEFZnqVaBaLHO09b1ZsJp7oe3rR4F.jpg						
Nệm Lò Xo Dunlopillo Comfort Suite	Thế Giới Nệm		Nệm				Nệm lò xo Dunlopillo Comfort Suite Normablock với cấu trúc lò xo túi một sợi, giúp nâng đỡ tối ưu các đường cong của cơ thể. Sử dụng nguyên liệu có khả năng kháng cháy theo tiêu chuẩn Anh Quốc. Đây là dòng sản phẩm thiết kế đặc biệt dành cho các khách sạn hoặc căn hộ cao cấp đòi hỏi những tiêu chuẩn khắc khe về an toàn cháy nổ.		Nệm lò xo Dunlopillo Comfort Suite Normablock với cấu trúc lò xo túi một sợi		https://thegioinem.com/upload/202506/24/nem-lo-xo-dunlopillo-comfort-suite-normablock-3QJxCV.webp	https://thegioinem.com/upload/202506/24/nem-lo-xo-dunlopillo-comfort-suite-normablock-kGuNtB.webp	https://thegioinem.com/upload/202506/24/nem-lo-xo-dunlopillo-comfort-suite-normablock-gFkH6H.webp							
Nệm cao su thiên nhiên Liên Á L’ADome Grey	Thế Giới Nệm		Nệm				Nệm cao su Liên Á L’ADome Grey được sản xuất từ cao su thiên nhiên và than hoạt tính, thân thiện với môi trường không gây kích ứng cho da. Nệm cao su Liên Á Grey nâng đỡ cột sống tốt, có tính năng điều hòa nhiệt độ và loại bỏ mùi khó chịu, đảm bảo chất lượng giấc ngủ ngon trong suốt 12 năm.		Cao su thiên nhiên + than hoạt tính		https://thegioinem.com/upload/202507/05/nem-cao-su-thien-nhien-lien-a-ladome-grey-YXtmDf.webp	https://thegioinem.com/upload/202507/05/nem-cao-su-thien-nhien-lien-a-ladome-grey-LhFdKU.webp	https://thegioinem.com/upload/202507/05/nem-cao-su-thien-nhien-lien-a-ladome-grey-CJnjDT.webp							
Nệm cao su than hoạt tính Kim Cương 5Zone Biolux	Thế Giới Nệm		Nệm				Nệm cao su Kim Cương 5Zone Than Hoạt Tính Biolux được sản xuất từ 100% cao su thiên nhiên và than hoạt tính, thân thiện với môi trường không gây kích ứng cho da. Nệm cao su có kết cấu 5 vùng nâng đỡ tối ưu cơ thể ở mọi chuyển động.		Ruột nệm làm từ 100% cao su thiên nhiên, dẫn truyền than hoạt tính trực tiếp vào cao su thiên nhiên, - Áo nệm làm từ vải gấm xốp, mặt dưới bọc vải chống trượt. Áo lót làm từ vải thun xuyên kim 4 chiều		https://thegioinem.com/upload/202502/14/nem-cao-su-than-hoat-tinh-kim-cuong-5zone-biolux-2vXbAV.webp	https://thegioinem.com/upload/202509/23/nem-cao-su-than-hoat-tinh-kim-cuong-5zone-biolux-JCYA9c.webp	https://thegioinem.com/upload/202509/23/nem-cao-su-than-hoat-tinh-kim-cuong-5zone-biolux-VH3JgP.webp							
Nệm cao su thiên nhiên Kim Cương Luxury	Thế Giới Nệm		Nệm				Nệm cao su thiên nhiên Kim Cương Luxury là dòng nệm được hút chân không, đóng hộp tiện lợi và còn gọi là “Nệm biết đi”, lần đầu tiên được cho ra mắt tại Việt Nam. Nệm tiên phong cho xu hướng “Ngủ sạch” ngủ Organic được người tiêu dùng lựa chọn.		"
Cao su thiên nhiên 100% nguyên chất, áo nệm xốp gấm nhập khẩu cao cấp"		https://thegioinem.com/upload/202411/20/nem-cao-su-thien-nhien-kim-cuong-luxury-U9FpaA.webp	https://thegioinem.com/upload/202508/26/nem-cao-su-thien-nhien-kim-cuong-luxury-r38tQB.webp	https://thegioinem.com/upload/202508/26/nem-cao-su-thien-nhien-kim-cuong-luxury-DWQVSL.webp							
Nệm lò xo túi Dunlopillo Duchess	Thế Giới Nệm		Nệm				Nệm lò xo Dunlopillo Duchess được sản xuất từ nguồn nguyên liệu thép nhập khẩu cao cấp, áp dụng công nghệ từ Châu Âu cho ra đời một sản phẩm mang phong cách Hoàng Gia. Dunlopillo Duchess - giúp bạn tận hưởng sự thoải mái và thư giãn tuyệt vời nhất ngay trong chính căn phòng ngủ nhà mình.		"
Vải Silk được xử lý đặc biệt với khả năng chống vi khuẩn và nấm mốc"		https://thegioinem.com/upload/202411/14/nem-lo-xo-tui-dunlopillo-duchess-7IseMG.webp	https://thegioinem.com/upload/202410/23/nem-lo-xo-tui-dunlopillo-duchess-5VQRKL.webp	https://thegioinem.com/upload/202410/23/nem-lo-xo-tui-dunlopillo-duchess-ZtZaSZ.webp							
nệm cao su Dunlopillo Latex World Eco Fresh	Nệm Giá Kho		Nệm				Dunlopillo Latex World Fresh Eco không chỉ là một chiếc nệm; nó là một kiệt tác công nghệ giấc ngủ từ Anh Quốc. Được mệnh danh là "chiếc nệm xanh" cho cuộc sống hiện đại, dòng sản phẩm này đang định nghĩa lại tiêu chuẩn nghỉ dưỡng tại gia.		Khác với công nghệ latex truyền thống, Talasilver Wave sử dụng sóng điện từ để hấp thụ mủ cao su từ trong ra ngoài. Quá trình này tạo ra cấu trúc tế bào đồng nhất, giúp nệm bền hơn và thoáng khí hơn. Đặc biệt, các phân tử Nano Silver được tích hợp sâu vào lõi cao su, có khả năng tiêu diệt 99.9% vi khuẩn và nấm mốc, bảo vệ hệ hô hấp của bạn suốt cả đêm.		https://nemgiakho.com/upload/sanpham/large/nem-cao-su-dunlopillo-latex-world-eco-fresh.jpg	https://nemgiakho.com/upload/sanpham/large/nem-cao-su-dunlopillo-latex-world-fresh-eco-1994-064096.jpg	https://nemgiakho.com/upload/sanpham/large/nem-cao-su-dunlopillo-latex-world-fresh-eco-1994-6d0f84.jpg							
Nệm cao su thiên nhiên Aroma Latex	Nệm Giá Kho		Nệm				Nệm được sản xuất từ 100% cao su tự nhiên, mang lại sự êm ái và đàn hồi vượt trội, kèm độ bền cực cao theo thời gian đảm bảo sử dụng được 8 - 12 năm .		100% cao su tự nhiên		https://nemgiakho.com/upload/sanpham/large/nem-cao-su-thien-nhien-aroma-latex.jpg	https://nemgiakho.com/upload/sanpham/large/nem-cao-su-thien-nhien-aroma-latex-ten-cu-adora-486-7c590f.jpg	https://nemgiakho.com/upload/sanpham/large/nem-cao-su-thien-nhien-aroma-latex-ten-cu-adora-486-edfbe1.jpg							
Nệm cao su Aroma Grey	Nệm Giá Kho		Nệm				Nệm Cao Su Aroma Grey được thiết kế thông minh với hệ thống lỗ thoáng khí kép: mặt trên là lỗ tròn, mặt dưới là lỗ vuông. Cấu trúc này tối ưu hóa khả năng lưu thông không khí, đảm bảo sự thoáng mát và khô ráo khi sử dụng. Nệm có độ đàn hồi lý tưởng nhờ vào cao su thiên nhiên cao cấp kết hợp với than hoạt tính, mang lại cảm giác thoải mái và nâng đỡ cơ thể tối ưu.		Sản phẩm ứng dụng công nghệ truyền than hoạt tính vào hỗn hợp cao su trước khi lưu hóa, tạo nên sự kết hợp hoàn hảo giữa hai thành phần.		https://nemgiakho.com/upload/sanpham/large/nem-cao-su-hoat-tinh-aroma-grey.jpg	https://nemgiakho.com/upload/sanpham/large/nem-cao-su-hoat-tinh-aroma-grey-ten-cu-adora-1847-ec5aa0.jpg	https://nemgiakho.com/upload/sanpham/large/nem-cao-su-hoat-tinh-aroma-ten-cu-adora-1847-04ecb1.jpg							
Nệm Aroma Super Foam	Nệm Giá Kho		Nệm				Nệm có độ êm vừa phải, phù hợp cho những người bị đau nhức xương khớp, với khả năng nâng đỡ tốt và chống xẹp lún hiệu quả.		Foam ép dẻo, mang lại độ đàn hồi vượt trội và khả năng kháng khuẩn hiệu quả. Kiểm soát mùi và ngăn ngừa vi khuẩn, bảo vệ sức khỏe người sử dụng.		https://nemgiakho.com/upload/sanpham/large/nem%C2%A0aroma-super-foam.jpg	https://nemgiakho.com/upload/sanpham/large/nem-foam-hoat-tinh-aroma-ten-cu-adora-1805-1068c6.jpg	https://nemgiakho.com/upload/sanpham/large/nem-foam-hoat-tinh-aroma-ten-cu-adora-1805-cc1aa4.jpg							
Nệm gấp 3 cao su Aroma Latex	Nệm Giá Kho		Nệm				Nệm gấp 3 cao su Aroma Latex được thiết kế thông minh với khả năng gấp gọn, giúp tiết kiệm không gian và thuận tiện trong việc vận chuyển và bảo quản. Sản phẩm được làm từ 100% cao su tự nhiên, mang lại độ đàn hồi và sự thoải mái tối đa cho người sử dụng. Cấu trúc nệm gồm 5000 lỗ tròn nhỏ trên bề mặt và 500 ô vuông phía dưới, tạo điều kiện thông thoáng khí và hỗ trợ tốt cho giấc ngủ.		Cao su thiên nhiên 100% nguyên chất		https://nemgiakho.com/upload/sanpham/large/nem-gap-3-cao-su-aroma-latex.jpg	https://nemgiakho.com/upload/sanpham/large/nem-gap-3-cao-su-aroma-latex-2045-b7892f.jpg	https://nemgiakho.com/upload/sanpham/large/nem-gap-3-cao-su-aroma-latex-2045-1ff8a7.jpg							
Nệm lò xo túi Dunlopillo Kensington	Kho Nệm		Nệm				Được thiết kế đẳng cấp khác biệt với hầu hết các dòng sản phẩm cùng loại tạo lên một sản phẩm dẫn đầu nhóm các nhãn nệm hạng sang của Dunlopillo tại Việt Nam		Nệm lò xo túi Dunlopillo Royal Kensington sử dụng hệ lò xo túi siêu nhỏ Micro Ultra Coil Pocket là công nghệ lò xo mới thịnh hành nhất của Châu Âu hiện nay, giúp hỗ trợ nâng đỡ tối ưu các đường cong cơ thể		https://khonem.com/upload/sanpham/large/nem-lo-xo-tui-dunlopillo-kensington-1605701084-8baf56.jpg	https://khonem.com/upload/sanpham/large/nem-lo-xo-tui-dunlopillo-kensington-1605701084-93b3c1.jpg	https://khonem.com/upload/sanpham/large/nem-lo-xo-tui-dunlopillo-kensington-1605701085-880943.jpg							
Nệm lò xo Dunlopillo Platin Latex IPS	Kho Nệm		Nệm				Nệm Dunlopillo Platin Latex IPS nổi bật với chiều cao 28cm, thiết kế 3 viền Pillowtop mềm mại và sang trọng, tạo nên một vẻ ngoài đẳng cấp và thanh lịch. Điểm đặc biệt của dòng nệm này chính là hệ lò xo túi độc lập, được vận hành cực kỳ nhẹ nhàng và êm ái, mang lại cảm giác thoải mái tối đa cho người sử dụng. Hệ lò xo túi độc lập không chỉ giúp phân tán áp lực cơ thể đồng đều mà còn hạn chế tiếng ồn khi trở mình, giúp bạn có một giấc ngủ sâu và trọn vẹn. Đặc biệt phù hợp cho người có tiền sử bệnh đau lưng hay thoát vị đĩa đệm.		Lò xo túi độc lập		https://khonem.com/upload/sanpham/large/nem-lo-xo-dunlopillo-platin-latex-ips-1721897755-abacba.jpg	https://khonem.com/upload/sanpham/large/nem-lo-xo-dunlopillo-platin-latex-ips-1721897639-f6347e.jpg	https://khonem.com/upload/sanpham/large/nem-lo-xo-dunlopillo-platin-latex-ips-1721897756-98cd9f.jpg							
Nệm cao su 20 cm - Dunlopillo Latex World Pure Fresh	Kho Nệm		Nệm				Thiết kế với 02 lớp cao su đặc biệt bằng công nghệ tiên tiến		Cao su thiên nhiên 100% nguyên chất		https://khonem.com/upload/sanpham/large/nem-cao-su-20-cm--dunlopillo-latex-world-pure-fresh-1699184346-b743dc.jpg									
Nệm cao su Dunlopillo Latex World Pure	Kho Nệm		Nệm				Nệm cao su Dunlopillo Latex World Pure có độ dày 20 cm, nhập khẩu nguyên tấm từ Dunlopillo Châu Âu, hoàn thiện áo & đóng gói tại nhà máy Dunlopillo Việt Nam		Thành phần cao su tự nhiên 100%, sản xuất theo công nghệ Talasilver mang tới khả năng kháng khuẩn tự nhiên tới 99%, bảo vệ sức khỏe con người.		https://khonem.com/upload/sanpham/large/nem-cao-su-dunlopillo-latex-world-pure-1605522132-be3a68.jpg	https://khonem.com/upload/sanpham/large/nem-cao-su-dunlopillo-latex-world-pure-1605522133-a435b3.jpg	https://khonem.com/upload/sanpham/large/nem-cao-su-dunlopillo-latex-world-pure-1605522133-d81f34.jpg							
Nệm cao su Dunlopillo Latex World Eco	Kho Nệm		Nệm				Nệm cao su Dunlopillo Latex World Eco dày 25 (cm) là dòng sản phẩm nệm cao su nhập khẩu cao cấp nhất tại Việt Nam hiện nay.		kết cấu đặc biệt 3 lớp thành phần cao su tự nhiên		https://khonem.com/upload/sanpham/large/nem-cao-su-dunlopillo-latex-world-eco-1605520249-1f8217.jpg	https://khonem.com/upload/sanpham/large/nem-cao-su-dunlopillo-latex-world-eco-1605520249-8baa56.jpg	https://khonem.com/upload/sanpham/large/nem-cao-su-dunlopillo-latex-world-eco-1605520250-c2af21.jpg							
Đèn ốp nổi tròn 25W DLV-ON01-25	LedXanh		Chiếu sáng				Giải pháp chiếu sáng tối ưu về ánh sáng và tiết kiệm năng lượng 80% so với bóng đèn thông thường		"Chất liệu	Hợp kim nhôm A6061,mica
Màu ánh sáng	Vàng, trắng
Điện áp	85-265 VAC/50Hz
Nguồn sáng	LED SMD, 12W
Kích thước	300*24mm
Lumen	2750-2900"		https://bizweb.dktcdn.net/100/101/043/products/70854348-1397927120355121-4582853091220520960-n.jpg?v=1568605302980	https://bizweb.dktcdn.net/100/101/043/products/70854348-1397927120355121-4582853091220520960-n.jpg?v=1568605302980	https://bizweb.dktcdn.net/100/101/043/products/70401590-2451513211604286-1520065629875339264-n.jpg?v=1568605302980							
ĐÈN RAY RỌI ZOOM MINI 5W (DLV-RB03-5)	LedXanh		Chiếu sáng				ĐÈN RAY RỌI ZOOM MINI 5W (DLV-RB03-5)là Đèn led rọi thanh ray cao cấp. Độ bền cao, anh sáng tốt, mẫu mã đẹp		"Màu sắc

White/Warm white

Kích thước (mm)

50*120mm"		https://bizweb.dktcdn.net/100/101/043/products/444-ce9c922a-fc8c-424c-a6a2-1f04a558ffad.png?v=1615864469937	https://bizweb.dktcdn.net/100/101/043/products/b773c262f29f03c15a8e-ed9e6e00-ff03-4ad2-8aa1-16c677012a67.png?v=1615864469937	https://bizweb.dktcdn.net/100/101/043/products/545ce74cd7b126ef7fa0-067243e7-cf74-473b-a874-8f0d54261558.png?v=1615864469937							
Đèn Led PANEL 80W (DLV-PM60120)	LedXanh		Chiếu sáng				Được thiết kế với nhiều kích thước tiêu chuẩn, tấm panel led có thể thay thế cho các loại máng đèn tuýp âm trần lắp đặt cho trần nhôm, trần thạch cao, trần nhựa V.v....		"Color

White/Warm white

Dimension

600*1200*9mm"		https://bizweb.dktcdn.net/100/101/043/products/watermarked-3618946clipboard02.jpg?v=1472034069157	https://bizweb.dktcdn.net/100/101/043/products/panel-40w-dlv-lighting-4.jpg?v=1490250792250								
Đèn Led PANEL 40W(DLV-PM30120)	LedXanh		Chiếu sáng				Đèn led panel là loại đèn led có thiết kế dạng tấm siêu mỏng, sử dụng công nghệ ánh sáng khuếch tán cho ánh hài hòa, thiết bị cao thế không gây nháy mắt và tiết kiệm điện.		"Dimension (mm)

300*1200*9"		https://bizweb.dktcdn.net/100/101/043/products/panel-30120.jpg?v=1483419391983	https://bizweb.dktcdn.net/100/101/043/products/panel.jpg?v=1483419402910	https://bizweb.dktcdn.net/100/101/043/products/panel-40w-dlv-lighting-4-0c66a39e-32ea-464e-85ba-d20f5b3c8741.jpg?v=1490251081963							
Đèn led downlight siêu mỏng tròn DLV-D01-22	LedXanh		Chiếu sáng				Đèn LED âm trần SIÊU MỎNG được thiết kế với độ thẩm mỹ cao, tiết kiệm điện năng cao, được dùng mái vòm nhiều trong chiếu sáng trong nhà, thay thế bóng đèn compact, đèn sợi đốt, tiết kiệm điện, siêu sáng, mái tôn ...		"Kích thước	220*12mm
Kích thước lỗ khoét	205mm"		https://bizweb.dktcdn.net/100/101/043/products/downlight-sieu-mong-tron-truoc-18w-1.jpg?v=1563868828993	https://bizweb.dktcdn.net/100/101/043/products/downlight-sieu-mong-tron-truoc-18w-2.jpg?v=1563868828993	https://bizweb.dktcdn.net/100/101/043/products/downlight-sieu-mong-tron-sau-18w-3.jpg?v=1563868828993							
Sofa da bò thật chỉnh điện 12117	Toàn Phú Furniture		"
Nội thất + ngoại thất"				Sofa Da Thật Nhập Khẩu Cheers 55082 – Full Chỉnh Điện, Công Nghệ Zero Gravity		"Kích Thước	
Băng 3 chỗ:
Băng 2 chỗ:
Ghế đơn:

Chất Liệu	
Chất liệu da bò thật nhập khẩu: Bề mặt da mềm mại, bền bỉ theo thời gian, dễ lau chùi và chống bám bụi tốt.

Tính Năng	
Chỉnh điện toàn bộ các ghế: Mỗi vị trí ngồi đều được trang bị motor điều chỉnh linh hoạt giúp bạn tìm được tư thế thoải mái nhất chỉ với 1 nút chạm.

Công Nghệ	
Công nghệ Zero Wall: Thiết kế tiết kiệm diện tích, giúp sofa có thể kê sát tường mà vẫn mở được ghế chỉnh điện – tối ưu không gian cho mọi căn hộ.

Quy Cách	
Sofa đơn, Sofa băng 2 chỗ, Sofa băng 3 chỗ"		https://toanphu.vn/wp-content/uploads/z6785543207246_c1eec48ea74263e0fb5e038afc68aa1b-1200x1200.jpg	https://toanphu.vn/wp-content/uploads/z6798074737364_9812ef9f311f29cbd55b59992a250eea-1.jpg								
Bàn ăn mặt đá hiện đại 868	Toàn Phú Furniture		"
Nội thất + ngoại thất"				Nâng tầm không gian bếp với Bàn ăn mặt đá hiện đại. Sự kết hợp hoàn hảo giữa mặt đá Ceramic/Marble cao cấp chống trầy xước, chịu nhiệt tốt và khung chân thép sơn tĩnh điện vững chãi. Thiết kế tinh tế, tối giản nhưng đầy quyền lực, phù hợp cho các căn hộ chung cư cao cấp, nhà phố và biệt thự.		"Kích thước	
140/160/180cm x 80/90cm x 75cm

Chất liệu mặt bàn	
Đá Marble nhân tạo cao cấp

Chất liệu chân	
Thép sơn tĩnh điện chống rỉ

Màu sắc mặt đá	
Có thể thay đổi, đa dạng màu sắc

Xuất xứ	
Nhập khẩu cả bộ

Quy cách	
Bàn 1m4, Bàn 1m6, Bàn 1m8, Bàn 2m"		https://toanphu.vn/wp-content/uploads/z7479701348216_8719a77db0df18d31a88c197063a12b7-1200x1200.jpg									
Bàn ăn mặt đá hiện đại 885	Toàn Phú Furniture		"
Nội thất + ngoại thất"				Nâng tầm không gian bếp với Bàn ăn mặt đá hiện đại. Sự kết hợp hoàn hảo giữa mặt đá Ceramic/Marble cao cấp chống trầy xước, chịu nhiệt tốt và khung chân thép sơn tĩnh điện vững chãi. Thiết kế tinh tế, tối giản nhưng đầy quyền lực, phù hợp cho các căn hộ chung cư cao cấp, nhà phố và biệt thự		"Kích thước	
140/160/180cm x 80/90cm x 75cm

Chất liệu mặt bàn	
Đá Marble nhân tạo cao cấp

Chất liệu chân	
Thép sơn tĩnh điện chống rỉ

Màu sắc mặt đá	
Có thể thay đổi, đa dạng màu sắc

Xuất xứ	
Nhập khẩu cả bộ

Quy cách	
Bàn 1m4, Bàn 1m6, Bàn 1m8, Bàn 2m"		https://toanphu.vn/wp-content/uploads/unnamed-8.jpg									
Bàn ăn mặt đá hiện đại 2078	Toàn Phú Furniture		"
Nội thất + ngoại thất
"				Nâng tầm không gian bếp với Bàn ăn mặt đá hiện đại. Sự kết hợp hoàn hảo giữa mặt đá Ceramic/Marble cao cấp chống trầy xước, chịu nhiệt tốt và khung chân thép sơn tĩnh điện vững chãi. Thiết kế tinh tế, tối giản nhưng đầy quyền lực, phù hợp cho các căn hộ chung cư cao cấp, nhà phố và biệt thự.		"Kích thước        
140/160/180cm x 80/90cm x 75cm

Chất liệu mặt bàn        
Đá Marble nhân tạo cao cấp

Chất liệu chân        
Thép sơn tĩnh điện chống rỉ

Màu sắc mặt đá        
Có thể thay đổi, đa dạng màu sắc

Xuất xứ        
Nhập khẩu cả bộ

Quy cách        
Bàn 1m4, Bàn 1m6, Bàn 1m8, Bàn 2m"		https://toanphu.vn/wp-content/uploads/z7164621363565_0ce047dab476d39df963574fa8304b6c-1.jpg									
Bàn ăn mặt đá hiện đại C91	Toàn Phú Furniture		"
Nội thất + ngoại thất"				Nâng tầm không gian bếp với Bàn ăn mặt đá hiện đại. Sự kết hợp hoàn hảo giữa mặt đá Ceramic/Marble cao cấp chống trầy xước, chịu nhiệt tốt và khung chân thép sơn tĩnh điện vững chãi. Thiết kế tinh tế, tối giản nhưng đầy quyền lực, phù hợp cho các căn hộ chung cư cao cấp, nhà phố và biệt thự		"Kích thước	
140/160/180cm x 80/90cm x 75cm

Chất liệu mặt bàn	
Đá Marble nhân tạo cao cấp

Chất liệu chân	
Thép sơn tĩnh điện chống rỉ

Màu sắc mặt đá	
Có thể thay đổi, đa dạng màu sắc

Xuất xứ	
Nhập khẩu cả bộ

Quy cách	
Bàn 1m4, Bàn 1m6, Bàn 1m8, Bàn 2m"		https://toanphu.vn/wp-content/uploads/z7412635241335_555ade02df81f83737132669f1129763-e1768794123751-1200x1200.jpg									
BỘ SOFA PHÒNG KHÁCH CỔ ĐIỂN MÀU NÂU SANG TRỌNG KT1888	Vương Quốc Nội Thất		Nội thất				Bộ sofa phòng khách cổ điển gây ấn tượng với người đối diện ngay từ cái nhìn đầu tiên nhờ kích thước đồ sộ cộng với những đường nét, hoa văn chi tiết, uốn lượn tinh tế trên phần đầu của chiếc ghế ngồi. Các chi tiết được chạm khắc tinh xảo, tỉ mỉ có hồn và sinh động hơn nhiều. Thêm vào đó với tone màu nâu trầm của lớp đệm kết hợp với phần khung gỗ tự nhiên càng tôn lên tính thẩm mỹ của sản phẩm trong không gian hiện hữu, đồng thời thể hiện được đẳng cấp của gia chủ trong việc lựa chọn nội thất.		"Chất liệu	Gỗ tự nhiên
Màu sắc	Nâu ấm"		https://vuongquocnoithat.vn/images/2019/11/25/bo-sofa-phong-khach-co-dien-mau-nau-sang-trong%20KT1888.jpg	https://vuongquocnoithat.vn/images/2019/11/25/bo-sofa-phong-khach-co-dien-mau-nau-sang-trong%20KT1888-2.jpg	https://vuongquocnoithat.vn/images/2019/11/25/bo-sofa-phong-khach-co-dien-mau-nau-sang-trong%20KT1888-3.jpg							
BỘ SOFA PHÒNG KHÁCH TÂN CỔ ĐIÊN NHẬP KHẨU HYTB02B	Vương Quốc Nội Thất		Nội thất				Chiếc sofa tân cổ điển này được thiết kế hiện đại, sang trọng và đa dạng về màu sắc, chất liệu sẽ giúp cho không gian phòng khách của bạn trở nên đẹp hơn và ấn tượng hơn. Bạn có thể lựa chọn những chiếc sofa có kiểu dáng đơn giản nhưng tinh tế hoặc những chiếc sofa có kiểu dáng phức tạp, chi tiết để tạo nên điểm nhấn cho không gian phòng khách. 		"Chất liệu:            Gỗ mun
Màu sắc:             Nâu
Kích thước:         Sofa đơn: 1510*1020*1280mm
                            Sofa đôi:   2020*1020*1280mm
                            Sofa bốn: 2930*1020*1280mm
                            Bàn: 1600*950*450mm                            
Phong cách:        Tân cổ điển
Xuất xứ:               Nhập khẩu"		https://vuongquocnoithat.vn/images/2023/09/04/bo-sofa-phong-khach-co-dien-nhap-khau-HYTB02B.jpg									
BỘ SOFA PHÒNG KHÁCH CỔ ĐIỂN MÀU SẮC TRANG NHÃ JVN6903S	Vương Quốc Nội Thất		Nội thất				Nếu bạn đang tìm kiếm một bộ sofa phòng khách làm thay đổi diện bảo của không gian phòng khách thì Bộ sofa phòng khách cổ điển màu sắc trang nhã JVN6903S sẽ là lựa chọn phù hợp nhất. Bởi đây là thiết kế không chỉ sở hữu kiểu dáng đầy ấn tượng, thời thượng với một phong cách đúng chuẩn hottrend mà còn "ghi điểm" tuyệt đối về một chất lượng, đáp ứng tối ưu nhất cho mục đích sử dụng lâu dài của bất kì ai.		"Chất liệu:               Da thật/ Gỗ tự nhiên
Màu sắc:                Trắng trân châu
Kích thước:           Sofa đơn: 1300*1050*1370mm
                               Sofa đôi: 1900*1050*1420mm
                               Sofa 3 chỗ: 2400*1050*1470 mm
                               
Phong cách:          Cổ điển
Xuất xứ:                 Nhập khẩu"		https://vuongquocnoithat.vn/images/2020/08/25/bo-sofa-phong-khach-co-dien-mau-sac-trang-nha-JVN6903-1.jpg	https://vuongquocnoithat.vn/images/2020/08/25/bo-sofa-phong-khach-co-dien-mau-sac-trang-nha-JVN6903-2.jpg	https://vuongquocnoithat.vn/images/2020/08/25/bo-sofa-phong-khach-co-dien-mau-sac-trang-nha-JVN6903-4.jpg							
SOFA PHÒNG KHÁCH CAO CẤP PHONG CÁCH CỔ ĐIỂN GDA919S	Vương Quốc Nội Thất		Nội thất				"Sản phẩm gây ấn tượng mạnh bởi các chi tiết trên bộ sofa được biến hóa một cách hài hòa nhất. Từng đường nét khắc họa tỉ mỉ, tinh tế tạo nên một tổng thể hoàn hảo cho món đồ nội thất trang trí phòng khách này.
Đặc biệt bộ ghế sofa cổ điển còn được thiết kế với mẫu khác nhau phù hợp với không gian thiết kế của phòng khách. Bạn có thể lựa chọn bô sofa đơn, sofa đôi hay sofa 3 chỗ miễn sao cảm thấy phù hợp nhất với không gian nội thất"		"Sofa đơn	Da+ gỗ thật	118*97*140cm
Sofa đôi	185*97*140cm
Sofa 3 chỗ	220*97*140cm
Bàn trà dài 	Mặt đá hồng ngọc nhập khẩu ( mã 906)	160*90*46cm
Bàn trà vuông	80*80*48cm"		https://vuongquocnoithat.vn/images/2018/06/22/bo-sofa-phong-khach-tan-co-dien%20GDA919S.jpg	https://vuongquocnoithat.vn/images/2018/06/22/bo-sofa-phong-khach-tan-co-dien%20GDA919S-2.jpg	https://vuongquocnoithat.vn/images/2018/06/22/bo-sofa-phong-khach-tan-co-dien%20GDA919S-9.jpg							
BỘ BÀN GHẾ PHÒNG ĂN TÂN CỔ ĐIỂN SANG TRỌNG HYT8010-8028	Vương Quốc Nội Thất		Nội thất				sang trọng là một sản phẩm nội thất được cực kỳ nhiều gia đình yêu thích. Chúng được thiết kế sang trọng, tinh tế cùng vẻ đẹp đẳng cấp vốn có tạo nên một không gian phòng ăn cực chất.		"Chất liệu:            Gỗ mun
Màu sắc:             Nâu
Kích thước:         Bàn: 1300*800mm
                            Ghế: 540*600*1130mm
Phong cách:        Tân cổ điển
Xuất xứ:               Nhập khẩu"		https://vuongquocnoithat.vn/images/2023/09/04/bo-ban-ghe-phong-an-tan-co-dien-sang-trong-HYT8010-8028-2.jpg	https://vuongquocnoithat.vn/images/2023/09/04/bo-ban-ghe-phong-an-tan-co-dien-sang-trong-HYT8010-8028-3.jpg	https://vuongquocnoithat.vn/images/2023/09/04/bo-ban-ghe-phong-an-tan-co-dien-sang-trong-HYT8010-8028-1.jpg							
Ghế thư giãn 1, vải, màu Charcoal	Hoàng Nam Group		Nội thất						771.65mmWx781.05mmDx800.1mmH		https://product.hstatic.net/1000406288/product/upload_9acbe8b00c044de6abc9b57db7169c7c_1024x1024.jpg									
Ghế thư giãn, vải	Hoàng Nam Group		Nội thất						 698.5mm W x 774.7mm D x 835.15mm		https://product.hstatic.net/1000406288/product/2070260_2_f1bc38d9074a4318bb2727670cb0e2ce_master.jpg	https://product.hstatic.net/1000406288/product/2070260_1_c6936f251cfc4b08b7d84e460edc5d8a_master.jpg								
Ghế thư giãn, Vải, băng 1, màu Jute, Cont/Urban	Hoàng Nam Group		Nội thất						1244W*717D*406H		https://product.hstatic.net/1000406288/product/upload_23fd7c3f05e54d99b4301a0f97bbac6d_1024x1024.jpg									
Ghế thư giãn, vải, Grey, Cont	Hoàng Nam Group		Nội thất						666.75mmWx749.3mmDx863.6mmH		https://product.hstatic.net/1000406288/product/upload_e5ed70bef9134a18b95153b838050631_1024x1024.jpg									
Ghế thư giãn, da, nâu, Cont	Hoàng Nam Group		Nội thất						704.85mmWx793.75mmDx914.4mmH		https://product.hstatic.net/1000406288/product/upload_c826c29464b1460da44a1e8c5387e8f9_1024x1024.jpg									
Sofa gỗ óc chó chân quỳ văng BKTS-01OC	Gia Phong Furniture		Nội thất				"Sofa Gỗ Óc Chó Chân Quỳ Văng – Tinh Hoa Nghệ Thuật Trong Không Gian Sống
Phòng khách không chỉ là nơi tiếp đón những vị khách quý mà còn là trái tim của ngôi nhà – nơi thể hiện rõ nhất gu thẩm mỹ và đẳng cấp của gia chủ. Với những ai đang tìm kiếm một sản phẩm nội thất vừa sang trọng, vừa trường tồn với thời gian, bàn khách gỗ óc chó chân quỳ văng chính là lựa chọn hoàn hảo. Đây là dòng sản phẩm cao cấp đến từ Nội Thất Gia Phong, được chế tác từ gỗ óc chó tự nhiên nhập khẩu, nổi bật với thiết kế độc đáo và sự tinh xảo đến từng chi tiết."		"Kích thước:
3500 x 2600 cm
Chất liệu:
Gỗ óc chó
Mã sản phẩm:
BKTS-01OC
Bảo hành:
5 Năm
Màu sắc:
Màu óc chó
Xuất xứ:
Việt Nam"		https://giaphong.vn/wp-content/uploads/2025/07/2.png?v=1782553429	https://giaphong.vn/wp-content/uploads/2025/07/15-2.jpg?v=1782553429	https://giaphong.vn/wp-content/uploads/2025/07/2-33.jpg?v=1781172948							
BKS229 Gỗ sồi Đức (Tần Bì – ASH)	Gia Phong Furniture		Nội thất				Khoác lên mình tone màu nâu trầm ấm nhưng không kém phần sang trọng, sofa gỗ PMOC BKSINC – 229 chính là một điểm nhấn cho không gian phòng khách nhà bạn. Nội thất Gia Phong vinh dự trình diện khách hàng mẫu bàn khách được làm từ chất liệu gỗ sồi Đức độc quyền với các đường vân gỗ tinh sảo kèm theo nước sơn Inchem cao cấp giúp bạn tận hưởng một không gian sống hoàn mỹ. Không chỉ được chăm chút về mặt kiểu dáng, mà cả chất lượng và tính ứng dụng của sản phẩm đều được chú trọng, hứa hẹn sẽ làm hài lòng ngay cả những khách hàng khó tính nhất.		"Kích thước:
Văng 3: 2500*800 mm
Văng 2: 1750*800 mm
Bàn nước: 1300*800 mm
Đôn: 1100*500 mm
Chất liệu:
Sồi Đức
Mã sản phẩm:
BKS229
Bảo hành:
5 Năm
Màu sắc:
Óc chó (phun màu)
Xuất xứ:
Việt Nam"		https://giaphong.vn/wp-content/uploads/2025/03/4-28-1.png?v=1781172949	https://giaphong.vn/wp-content/uploads/2025/03/9-9.jpg?v=1781172949	https://giaphong.vn/wp-content/uploads/2025/03/11-7.jpg?v=1781172949							
Sofa Gỗ Gõ Đỏ nguyên khối phòng khách BKTS-19GD	Gia Phong Furniture		Nội thất				"Sofa gỗ gõ đỏ nguyên khối được chế tác 100% từ loại gỗ gõ đỏ quý hiếm, sở hữu đường vân tự nhiên vô cùng sắc nét và màu sắc đặc trưng mang đậm vẻ đẹp sang trọng, đẳng cấp. Được làm từ chất liệu gỗ tự nhiên nguyên khối, bộ bàn ghế không chỉ đảm bảo độ bền bỉ vượt trội theo thời gian mà còn thể hiện được sự tinh tế, tỉ mỉ trong từng đường nét chế tác của nghệ nhân.

Phòng khách là nơi hội tụ sinh khí của ngôi nhà, vì vậy việc lựa chọn một bộ bàn ghế không chỉ để tiếp khách mà còn để thể hiện phong cách, gu thẩm mỹ và khẳng định vị thế của gia chủ. Sofa gỗ gõ đỏ nguyên khối chính là điểm nhấn hoàn hảo, góp phần làm tôn lên sự sang trọng, ấm cúng và đầy quyền uy cho không gian sống của bạn."		"Kích thước:
Đoản: 260 x 80 x 75 cm
Ghế đơn: 110 x 80 x 75 cm
Bàn: 160 x 80 cm
Đôn: 110 x 55 cm
Bàn kẹp: 75 x 55 cm
Chất liệu:
Gõ đỏ
Mã sản phẩm:
BKTS-19GD
Bảo hành:
5 Năm
Màu sắc:
Màu gõ đỏ
Xuất xứ:
Việt Nam"		https://giaphong.vn/wp-content/uploads/2024/09/2-4-1.png?v=1781172949	https://giaphong.vn/wp-content/uploads/2024/09/8-3-1.png?v=1781172949	https://giaphong.vn/wp-content/uploads/2024/09/6-4-1.png?v=1781172949							
Sofa văng Sồi Nga phòng khách BKS-92	Gia Phong Furniture		Nội thất				Bộ bàn khách được làm từ gỗ sồi Nga. Một trong những loại gỗ được sử dụng phổ biến trong nội thất. Do sở hữu nhiều ưu điểm như vân gỗ đẹp, màu sáng tự nhiên, độ bền cao, giá thành hợp lý. Nên được nhiều gia đình chọn lựa.		"Kích thước:
Văng: 2200x700cm; Bàn: 1200x600cm; Đôn: 800x500cm
Chất liệu:
Gỗ sồi Nga
Mã sản phẩm:
BKS-92
Bảo hành:
2 năm"		https://giaphong.vn/wp-content/uploads/2023/11/1-50.png?v=1781172950	https://giaphong.vn/wp-content/uploads/2023/11/4-37.jpg?v=1781172950	https://giaphong.vn/wp-content/uploads/2023/11/14-6.jpg?v=1781172950							
Bộ bàn khách góc Sồi Nga BKS-115	Gia Phong Furniture		Nội thất				Nhắc tới nội thất thì không thể không nhắc tới gỗ sồi Nga. Bởi vì đây là loại gỗ mang nhiều ưu điểm vượt trội mà giá thành lại rẻ. Do đó bàn khách được làm từ gỗ sồi Nga chiếm 1 phần không nhỏ trên thị trường nội thất.		"Kích thước:
Góc: 2400x2000cm; Bàn: 1200x650cm; Đôn: 800x450cm
Chất liệu:
Gỗ Sồi Nga
Mã sản phẩm:
BKS-115
Bảo hành:
2 Năm
Xuất xứ:
Việt Nam"		https://giaphong.vn/wp-content/uploads/2023/11/9.png?v=1781172950	https://giaphong.vn/wp-content/uploads/2023/11/14-7.jpg?v=1781172950	https://giaphong.vn/wp-content/uploads/2023/11/7-25.jpg?v=1781172950							
